{"cameraMode":{"drawMode":0,"name":"Shaded","section":"Shading Mode"},"sceneLighting":true,"audioPlay":false,"sceneViewState":{"m_AlwaysRefresh":false,"showFog":true,"showSkybox":true,"showFlares":true,"showImageEffects":true,"showParticleSystems":true,"showVisualEffectGraphs":true,"m_FxEnabled":false},"in2DMode":false,"pivot":{"x":-0.4778004586696625,"y":-0.15264832973480225,"z":4.564685821533203},"rotation":{"x":-0.20434358716011048,"y":0.012330910190939904,"z":-0.0025742908474057914,"w":-0.9788185358047485},"size":5.966026306152344,"orthographic":false}